ABSORB,leathercare set
ABSORB,leathercleaner
ADMETE RUND,chair pad
ADMETE,chair pad
ADMETE,dish towel
ÅDUM,rug, low pile
AGAM,junior chair
AGEN,children's armchair
AGEN,series
AGNARYD,picture
AGNE,bar stool
AGNE,stool
AINA,cushion cover
AINA,pair of curtains
AKURUM,wall top cabinet frame
AKURUM/RATIONELL,system
AKUT,3-piece kitchen utensil set
ALÄNG,floor lamp
ALÄNG,table lamp
ALARM,alarm clock
ALEX,drawer unit on casters
ALG,mirror
ALKALISK,alkaline battery
ALLAMÅLA,magazine rack
ALLAMÅLA,wall basket
ÄLMHULT,mug
ALSEDA,stool
ALSTER,2-piece salad server set
ALSVIK,single lever kitchen faucet
ALVE,add-on-unit for secretary
ALVE,bookcase with drawer
ALVE,cabinet with doors
ALVE,corner workstation
ALVE,desk
ALVE,drawer unit
ALVE,laptop table
ALVE,secretary
ALVE,storage bench
ALVINE PÄRLA,shade
ALVINE TRÅD,shade
ALVINE,bedspread
ALVINE,collection
ALVINE,series
AMALIA,chair cushion
AMMERÖ,series
AMORF FROST,window decoration
ÄMTEN,cleaning agent
ANDREA SATIN,duvet cover and pillowsham(s)
ANDREA,rug, low pile
ANDRUP,rug, flatwoven
ANDY,drawer unit on casters
ANEBODA,series
ÅNES,4-drawer chest
ÅNES,chest with 2 drawers
ÅNES,mirror
ANITA,pair of curtains with tie-backs
ÅNN,bath faucet with strainer
ÅNN,sink
ANNAMOA,fabric
ANNO AMORF,panel curtain
ANNO INEZ,panel curtain
ANNO LJUV,panel curtain
ANNO SANELA,panel curtain
ANNO STRÅ,panel curtain
ANNO TUPPLUR,panel curtain
ANNO UNNI,panel curtain
ANNO VACKER,panel curtain
ANNONS,5-piece cookware set
ANORDNA LYX,pull-out storage unit, set of 3
ANORDNA LYX,storage unit, set of 3
ANORDNA MEST,pull-out storage unit, set of 3
ANORDNA MEST,storage unit, set of 2
ANRIK,coffee/tea maker
ANSLUTA,intermediate connection cord
ANSLUTA,power supply cord
ANSLUTA,power supply cord 6-way
ANTEN,scale
ANTIFONI,floor/reading lamp
ANTIFONI,work lamp
ANTIK,handle
ANTIK,knob
ANTILOP,highchair tray
ANTILOP,highchair with safety belt
ANTILOP,wall mount changing table
ANTONIUS,drying rack
ANTONIUS,foldable drying rack
ANTONIUS,height adjustable clothes dryer
ANTONIUS,laundry bag with stand
ANTONIUS,shelf
ANTONIUS,system
APA,storage box
APELSKÄR,sink faucet with strainer
ÄPPELVINÄGER MED LINGON,apple vinegar with lingonberries
ÄPPLARÖ,outdoor furniture
ARHOLMA,series
ÅRLIG,plant pot
ARRAK,plant pot
ÅRSTID,series
ARV,plate
ARV,series
ARVINN,folding chair
ÅRYD,series
ÅRYD,tealight holder
ÅSELE,shade
ÅSELE,table lamp
ASKER,series
ASPEKT,knife sharpener
ASPELUND,series
ASPVIK,series
ÅSUNDEN,basket with lid
ÅSUNDEN,basket with lid, set of 2
ÅSUNDEN,basket, set of 3
ATLANT,waste strainer
ÄTRAN,lockable cabinet
ÄTRAN,wall cabinet
ATTEST,handle
ATTEST,knob
ATTITYD,drawer unit
ATTITYD,wall cabinet
BÅDALEN,wall-mounted headboard
BAGIS,children's coat-hanger
BALSER,chair
BÄRBAR,tray
BAREN,glass shelf
BAREN,hanger
BAREN,toilet brush
BAREN,toilet roll holder
BAREN,towel holder
BAREN,towel rail
BARNSLIG RINGDANS,box with lid
BARNSLIG,mirror
BARNSLIG,place mat
BARNSLIG,series
BARNSLIG,textiles
BAROMETER,series
BASISK,series
BASISK,wall/clamp spotlight
BÄSTIS,lint roller refill
BEATA BLAD,duvet cover and pillowcase(s)
BEATA ORKIDE,duvet cover and pillowcase(s)
BEATA,collection
BEDDINGE,cushion cover
BEDDINGE,series
BEHANDLA,beeswax polish
BEHANDLA,series
BEHÖVD,vacuum flask
BEKVÄM,kitchen cart
BEKVÄM,spice rack
BEKVÄM,step stool
BENNO,series
BERIT,fabric
BERLEVÅG,mirror, set of 3
BERLEVÅG,table mirror
BERNHARD,chair
BERTA RAND,fabric
BERTA RUTA,fabric
BERTIL,chair
BERYLL,quad spotlight
BERYLL,wall spotlight
BESKÅDA,curtain rod set
BESKÅDA,double wall hardware
BESTÅ ÅDAL TV,unit
BESTÅ BOÅS TV,storage unit
BESTÅ BURS TV,unit
BESTÅ BURS TV,storage combination
BESTÅ BURS,desk
BESTÅ BURS,wall shelf
BESTÅ JÄGRA TV,unit with casters
BESTÅ TV,storage combo with sliding doors
BESTÅ TV,unit
BESTÅ TV,storage combination
BESTÅ,shelf unit
BESTÅ,shelf unit/height extension unit
BESTÅ,storage combination
BESTÅ/FRAMSTÅ/INREDA,storage system
BEVARA,sealing clip, set of 30
BIBBI SNURR,duvet cover and pillowcase(s)
BIGARRÅ,series
BILAR,cars
BILD,poster
BILLSTA,series
BILLY,bookcase
BILLY,system
BIRGIT LANTLIG,duvet cover and pillowcase(s)
BIRGIT SPETS,duvet cover and pillowcase(s)
BIRGIT,collection
BIRGIT,duvet cover and pillowcase(s)
BIRKELAND,series
BISSA,shoe cabinet with 2 compartments
BITIG,clock with noticeboard
BJÄRNUM,folding hook
BJÄRNUM,hat/shoe rack
BJÄRNUM,hook
BJOA,mirror
BJÖRKEFALL,block candle holder
BJÖRKEFALL,candlestick
BJÖRKEN,mirror cabinet
BJÖRKEN,wall cabinet
BJÖRKUDDEN,bar table
BJÖRKUDDEN,dining table
BJÖRKUDDEN/BERTIL,table and 4 chairs
BJURÖN,plant glide
BJURÖN,plant pot
BJURÖN,plant stand
BJURSTA,bar table
BJURSTA,bench
BJURSTA,series
BLADET,series
BLADET,vase
BLADHULT,series
BLADIS,series
BLÅMES,highchair with tray
BLANDA BLANK,bowl
BLANDA,series
BLANDA,serving bowl
BLANKEN,series
BLÅSIPPA,duvet cover and pillowcase(s)
BLASKA,broom
BLASKA,dust pan and brush
BLASKA,laundry basket
BLASKA,window squeegee
BLECKA,hook
BLIXT,recessed spotlight
BLOMMIG,vase
BLOMSTER,candlestick, set of 3
BLOMSTER,series
BLOMSTER,vase
BLOSSANDE,coffee accessories, set of 6
BLOSSANDE,tea accessories, set of 3
BOALT CD,rack for 35 CDs
BOALT DVD,rack for 29 DVDs
BOASJÖ,5-piece bathroom set
BOHOLMEN,1 1/2 bowl inset sink with drainer
BOHOLMEN,1 bowl inset sink with drainer
BOHOLMEN,2 bowl inset sink with drainer
BOHOLMEN,chopping board
BOHOLMEN,colander
BOHOLMEN,cover plate
BOHOLMEN,dish drainer
BOHOLMEN,double-bowl inset sink
BOHOLMEN,inset sink 1 1/2 bowl
BOHOLMEN,rinsing tub
BOHOLMEN,single-bowl inset sink
BÖJA,series
BOJNE,chair with armrests
BOLIDEN,chair and footstool
BOLMEN,series
BÖLSNÄS,basket
BOMULL,fabric
BOMULL,pair of curtains with tie-backs
BOMULL,rug, flatwoven
BONDIS,wall clock
BONETT,bevel-edged mirror
BONSAI CARMONA,potted plant
BOREN,wall edging strip
BÖRJE,chair
BORRBY,lantern for block candle
BORRIS,door mat
BOSSE,bar stool
BOSSE,stool
BOTNE,wardrobe
BRÄDA,series
BRALLIS,clothes-hanger
BRANÄS,basket
BRAVERA,frying pan
BRAVUR,wall clock
BREDGRUND,shower curtain
BREDSKÄR,single-bowl inset sink
BRIMNES,series
BRIMNES,wall cabinet with sliding door
BRITTEN DÖRR,fabric
BRITTEN HUS,fabric
BRITTEN NUMMER,fabric
BRITTEN STUGA,fabric
BRODER,system
BRUNKRISSLA,duvet cover and pillowcase(s)
BRYGGKAFFE MELLANROST,ground coffee, medium roast
BRYGGKAFFE MÖRKROST,ground coffee, dark roast
BRYNE,net
BSORB,bycast leather cleaner
BULLAR,baking pan, set of 2
BULLAR,loaf pan
BULLAREN,5-piece bathroom furniture set
BUMERANG,curved clothes hanger
BUMERANG,series
BURKEN,jar with lid
BURSJÖN,stool with storage
BYGEL,container
BYGEL,dish drainer
BYGEL,magnetic knife rack
BYGEL,rail
BYGEL,s-hook
BYGEL,series
BYGEL,wire basket
BYGGA,construction set
BYHOLMA,chair
BYHOLMA,series
CALYPSO,ceiling lamp
CAPITA,bracket
CECILIA,fabric
CELEBER,jar with lid
CELEBER,series
CENTRERA LYKTA,lantern
CHARLOTTA BLOCK,fabric
CHARLOTTA HIMMEL,fabric
CHARLOTTA MÄRKE,fabric
CHARLOTTA TECKNING,fabric
CHARLOTTA VILD,fabric
CHARM,egg slicer
CHARMIG,20-piece cutlery set
CHARMÖR,bowl
CHARMÖR,series
CHOSIGT,funnel, set of 2
CHOSIGT,grater with container
CHRISTEL,cushion
CHRYSALIDOCARPUS LUTESCENS,potted plant
CILLA,chair pad
CLIPS,frame with clips
CYLINDER,series
DAGLILJA,bedspread/blanket
DAIM MINI,milk chocolate with caramel
DALFRED,bar stool
DÄMPA,curtain rod set
DÄNKA,ironing board
DATA,series
DÅTID,series
DAVE,laptop table
DAVE,laptop workstation
DEGERNES,underbed storage box
DEKA,curtain wire incl. clips
DEKAD,alarm clock
DEKAD,wall clock
DELIKAT,series
DESSERT,measuring cups, set of 4
DESSERT,measuring spoons, set of 4
DETOLF,glass-door cabinet
DIGNITET,corner piece
DIGNITET,curtain ring with clip
DIGNITET,curtain wire
DILLING,underbed storage box
DIMMA,cord dimmer
DIMPA,series
DINERA DEKAL,10 piece dinnerware set
DINERA DEKAL,bowl, set of 3
DINERA,series
DIOD,glass
DIODER,lighting strip
DIODER,multipurpose lighting
DIREKT,3-piece kitchen utensil set
DISKA,dishwashing brush
DISKRET,plant pot
DISTANS,series
DITO,20-piece cutlery set
DITTE,fabric
DIVISION,suspension set for panel curtain
DJÄRV,plant pot
DOCKSTA,dining table
DOFTA,potpourri
DOFTA,potpourri in a box
DOKUMENT,pencil cup
DOKUMENT,series
DOLD,single portion sugar shaker
DOMSJÖ,chopping board
DOMSJÖ,rinsing basket
DRACAENA MARGINATA,potted plant
DRACAENA MASSANGEANA,potted plant
DRACAENA,plant
DRAGAN,3-piece bathroom set
DRAGAN,jar with lid set of 3
DRAGAN,soap dish
DRAGON,series
DRAGÖR,rug, flatwoven
DRÄLLA,bendable chopping board
DRÖMMAR,cookie sheet
DRÖMMAR,series
DRÖNA,box
DROPPAR,series
DROPS,collage frame for 7 photos
DUDERÖ,floor lamp
DUKTIG,8-piece table/kitchen textile set
DUKTIG,glass
DUKTIG,series
DUKTIG,tool box
DVALA,duvet cover and pillowcase(s)
DVALA,fitted sheet
DVALA,flat sheet
DVALA,pillowcase for ergonomic pillow
EDGAR,folding chair
EDIT,cushion cover
EDLAND,nightstand
EDLAND,series
EDSVIK,dual control kitchen faucet
EFFEKTIV,system
EGEBY,rug, flatwoven
EGIL,stool
EIDE,bed frame
EKARP,floor lamp base
EKARP,table lamp base
EKÅS,shade
EKBY BJÄRNUM,bracket
EKBY HÅLL,bracket
EKBY HENSVIK,bracket
EKBY JÄRPEN,shelf
EKBY MOSSBY,shelf
EKBY ÖSTEN,shelf
EKBY ROBERT,bracket
EKBY STÅTLIG,shelf
EKBY STILIG,bracket
EKBY TONY,shelf
EKBY TRYGGVE,shelf
EKBY VALTER,bracket
EKBY VIKTOR,shelf
EKBY,shelf bar
EKORRE,series
EKTORP,cover free-standing chaise lounge
EKTORP,loveseat
EKTORP,lumbar cushion
EKTORP,neckroll
EKTORP,series
EKTORP,sofa
ELDIG HOB,450 B gas cooktop
ELDIG,gas cooktop
ELDIG,glass ceramic cooktop
ELGÅ,system
ELIAS,chair with armrests
ELISABET,fabric
ELLAKAJSA,dish towel
ELLY,dish towel
ELVERDAM,single lever kitchen faucet
EMSEN,double bowl corner sink
EMU,box with lid, set of 2
ENERGISK ,18 S refrigerator/freezer
ENERGISK ,18 W refrigerator/freezer
ENGAN,series
ENJE,roller blind
ENSEMBLE,salt and pepper shakers
ENSEN,bath faucet with strainer
ENVIS,series
EPISTEL,series
ERBIUM,ceiling lamp
ERIK,drawer unit w 2 drawers on casters
ERIK,drawer unit w 3 drawers on casters
ERIK,file cabinet
ERIKSLUND,series
ERLAND,chair
ERLING,clothes-hanger
ERSERUD,shade
ERSLEV,rug, flatwoven
ESPRESSOKAFFE ,spresso
ETTY,apron
ETTY,dish towel
EVABRITT,panel curtain
EVERT,stool
EXARBY,mattress
EXKLUSIVT,butcher block
EXPEDIT,series
EXPEDIT,shelf insert
EXPEDIT,single drawer insert
FABIAN,wall shelf
FABLER,3-piece cutlery set
FABLER,3-piece dinnerware set
FABLER KALAS,decorative stickers
FABLER KAMRATER,textiles
FABLER RESA,decorative stickers
FABLER ,eries
FABLER,box with lid
FABLER,feeding and baby spoon
FABLER,mirror
FABLER,place mat
FABLER,storage bag
FABLER,textiles
FABRINA,bedspread
FADO,pendant downlight
FADO,pendant lamp
FADO,table lamp
FAMNIG HJÄRTA,cushion
FANSTA,shade
FANTAST,meat thermometer/timer
FANTASTISK,napkin holder for 50 napkins
FANTASTISK,paper napkin
FÄRGGLAD,children's chair
FÄRGRIK TROLSK,bowl
FÄRGRIK TROLSK,series
FÄRGRIK,bowl
FÄRGRIK,mug
FÄRGRIK,plate
FÄRGRIK,series
FÄRGRIK,side plate
FÄRM,vase
FARTYG,triple ceiling spotlight
FARTYG,wall spotlight
FARUM,rug, flatwoven
FASTBO,wall panel
FATTBAR,3-piece knife set
FAVORIT,saucepan with lid
FAVORIT,series
FEJKA,artificial plant in pot
FELICIA,series
FENOMEN,block candle
FENOMEN,block candle, set of 5
FENOMEN,floating candle
FIBBE,bin with lid
FICUS MICROCARPA GINSENG,plant with pot
FIGGJO,mirror
FILLSTA,floor lamp
FILLSTA,pendant lamp
FILLSTA,table lamp
FINLIR FLADDRA,frame for 5-10 pictures
FINLIR,series
FINNGRUND,shower curtain
FISKEVIK,picture holders
FIXA,17-piece tool kit
FIXA,2-piece tool set
FIXA,8-piece tool kit
FIXA,clips/binder/touch+close fastening
FIXA,countertop cover strip
FIXA,diffusion barrier
FIXA,drill template
FIXA,floor laying kit
FIXA,floor protectors with rivet
FIXA,paint brush set
FIXA,picture hook
FIXA,screw with plug
FIXA,stick-on floor protectors set of 20
FJÄDRAR,inner cushion
FJÄLLSTA,series
FJELLSE,bed frame
FLÄCKIG,colander
FLÄCKIG,measuring cup
FLÄCKIG,mixing bowl, set of 2
FLAKSA,ceramic sharpener
FLÄNG,hanger with 4 knobs
FLANÖR,plant pot
FLÅREN,series
FLÅREN,sink cabinet
FLÄTA,laundry basket
FLÄTA,magazine file
FLÄTA,magazine rack
FLÄTA,storage rack for writing materials
FLÄTA,wastepaper basket
FLATEN,storage tin with lid, set of 7
FLIT,book-end
FLOKATI,rug, high pile
FLORERA MYS,scented candle with 3 wicks
FLORERA,series
FLORÖ,bed frame
FLÖRT,cd case, 20 pockets
FLÖRT,unknown
FLUKTA,clock
FLYGEL,work lamp
FLYN LILL,panel curtain
FLYT,magazine file
FLYTTA,kitchen cart
FNISS,wastepaper basket
FOLKVIK TV,bench with storage
FÖRHÖJA,cutlery tray
FÖRHÖJA,series
FÖRHÖJA,wall cabinet
FORMAT,cabinet lighting
FORMAT,floor/reading lamp
FORMAT,work lamp
FÖRNUFT,20-piece cutlery set
FORSÅ,work lamp
FÖRSIKTIG,children's stool
FÖRSTÅ,coffee/tea maker
FORSYTIA,bedspread
FÖRTRÄFFLIG,scented candle in glass
FÖRVAR,jar with lid
FOTO,pendant lamp
FRÄCK,mirror
FRÄJEN,bath sheet
FRAKTA,cart
FRAKTA,hand cart with storage bag
FRAKTA,loading strap with buckle
FRAKTA,luggage straps
FRAKTA,shopping bag, large
FRAKTA,shopping bag, medium
FRAKTA,storage bag for cart
FRAKTA,tarpaulin
FRAKTA,tarpaulin rope
FRAMSTÅ,wall bracket for flat screen TV
FRAMTID,microwave oven with extractor fan
FRAMTID,series
FRANKLIN,bar stool with backrest, foldable
FREDEN,series
FREDEN/HÖLLVIKEN,sink cabinet
FREDLIG,paper napkin
FREDRIK,series
FREDRIKA,fabric
FRIDFULL,plant pot
FROST,drying rack, floor
FRYKEN,box with lid, set of 3
FUGA,ceiling spotlight
FUGA,ceiling/wall lamp
FULLEN,high cabinet
FULLEN,mirror cabinet
FULLEN,mirror with shelf
FULLEN,sink base cabinet with 2 doors
FULLEN,sink cabinet
FYLLEN,laundry basket
GALANT,conference table
GALANT,system
GALEJ,candle dish
GALEJ,tealight holder
GÅNGBAR,curtain rod set
GARDENIA JASMINOIDES,potted plant
GÅSER,rug, high pile
GÅSGRUND,series
GÄSPA,fitted sheet
GÄSPA,flat sheet
GÄSPA,pillowcase
GATTEN,rug, low pile
GEDSER,rug, low pile
GEMAK,colander
GILBERT,chair
GILBERT,stool
GILDA,collection
GISLEV,rug, low pile
GLANA,collage frame for 4 photos
GLANA,frame
GLÄNSA,lighting chain w/144 bulbs,indoor
GLÄNSA,pendant lamp
GLASÖRT KULLE,duvet cover and pillowcase(s)
GLASÖRT STRECK,duvet cover and pillowcase(s)
GLASÖRT TRÄD,duvet cover and pillowcase(s)
GLÄTTIG,place mat
GLENN,bar stool
GLIMMA,candle holder
GLIMMA,candle in a metal cup
GLIMMA,tealight holder
GLIMMA,tealights
GLIRA,handle
GLIRA,knob
GLIS,box with lid
GLITTER,handle
GLOBAL,work lamp
GLÖDA,bulb E12 sign
GLÖDA,bulb E17 reflector R14
GNARP,5-piece kitchen utensil set
GODIS MIX,glass
GODIS,glass
GODMORGON,box with compartments
GODMORGON,box with lid, set of 5
GODMORGON,mirror
GODMORGON,series
GODMORGON,storage unit, set of 3
GODMORGON,storage with compartments
GODMORGON,vanity light
GOLIAT,computer desk
GOLIAT,drawer unit on casters
GÖMMAREN,universal shower curtain rod
GORM,1 shelf section/bottle racks
GORM,2 shelf sections
GORM,shelving unit
GORM,system
GOSA ASTER,pillow
GOSA HASSEL,pillow, side sleeper
GOSA KÄRNA,pillow core, back sleeper
GOSA KÄRNA,pillow core, side sleeper
GOSA KLÄTT,pillow, side/back sleeper
GOSA KRISSLA,pillow, back sleeper
GOSA LILJA,pillow, side sleeper
GOSA PINJE,pillow, back sleeper
GOSA PINJE,pillow, side sleeper
GOSA PINJE,pillow, stomach sleeper
GOSA RAPS,pillow, back sleeper
GOSA RAPS,pillow, side sleeper
GOSA RAPS,pillow, stomach sleeper
GOSA SLÅN,pillow, stomach sleeper
GOSA SYREN,pillow, back sleeper
GOSA SYREN,pillow, side sleeper
GOSA SYREN,pillow, stomach sleeper
GOSA TULPAN,pillow
GOSA VÄDD,pillow, back sleeper
GOSA VÄDD,pillow, side sleeper
GOSA VÄDD,pillow, stomach sleeper
GOSA VIDE,outer pillow pocket w filling
GOSA VIDE/KÄRNA,pillow, back sleeper
GOSA VIDE/KÄRNA,pillow, side sleeper
GOSIG ,eries
GRANÅS,series
GRANAT,cushion
GRAPEFRUKT,plant pot
GRATINERA,oven/serving dish, set of 2
GRAVYR,handle
GRAVYR,knob
GREGOR,swivel chair
GREJ,handle
GREVBÄCK,series
GRILLA,grill pan
GRILLER,grater
GRIMEN,bed frame
GRIP,handle
GROGGY,coaster
GROGGY,corkscrew
GROGGY,tray
GROLAND,kitchen island
GRÖNÖ,table lamp
GRÖNÖ,table lamp, set of 2
GRUNDTAL ,ighting series
GRUNDTAL,bathroom series
GRUNDTAL,drying rack, wall
GRUNDTAL,glass shelf
GRUNDTAL,kitchen series
GRUNDTAL,laundry bin with casters
GRUNDTAL,mirror
GRUNDTAL,rail
GRUNDTAL,s-hook
GRUNDTAL,wall shelf
GRUNDTAL/BREDVIKEN,sink with leg frame
GRUNDTAL/NORRVIKEN,sink with leg frame
GRUNKA,4-piece kitchen utensil set
GUBBSKÄR,bathmat
GULLIVER,bed frame with slatted bed base
GULLIVER,changing table
GULLIVER,crib
GULLUNGE,changing pad
GULLUNGE,cover
GUNILLA,fabric
GUNVOR,fabric
GURKÖRT,vase
GUSTAV,desk with shelf unit
GUSTAV,laptop table
GYLLEN,panel
GYLLEN,wall lamp
GYMNOCALYCIUM,potted plant
GYNNSAM,chef's knife
GYNNSAM,series
HÅBOL,box with lid
HAGALUND,sofa bed
HAGALUND,sofabed slipcover
HAKE,knife block with 4 knives
HÅLLARE,tealight holder for 7 tealights
HALLARYD,series
HÅLLÖ,series
HALOGEN,bulb E12
HALOGEN,bulb E26
HALOGEN,bulb G9
HALOGEN,bulb GU10 35°
HALOGEN,bulb GU4 MR11
HÄLSA,steel vacuum flask
HALSTED,door mat
HALSTED,rug, flatwoven
HAMPEN,rug, high pile
HÄNGA,children's coat-hanger
HANNES,desk
HANNES,hutch
HÄREN,bath sheet
HAROLA,chair
HARRY,chair
HÄSTÖ,headrest
HÄSTVEDA,armchair
HATTEN,side table
HÅVA,curtain rod set
HÅVA/ANITA,window solution
HAVBRO,rug, low pile
HAVTORN FÄRM,decorative vase
HAVTORN,decoration
HEAT,trivet
HEAT,trivet, set of 3
HEDDA,collection
HEDERLIG,series
HEDRA,knob
HEIMDAL,bed frame
HEIMDAL,nightstand
HEJKA,chair cushion
HEJKA,rocking chair
HELMER,drawer unit on casters
HEMLIS,clothes-hanger
HEMMA,cord set
HEMMA,floor lamp base
HEMMA,table lamp base
HEMMET,rug, flatwoven
HEMNES,6-drawer chest
HEMNES,8-drawer dresser
HEMNES TV,unit
HEMNES,bedroom series
HEMNES,chest
HEMNES,children's room series
HEMNES,coffee table
HEMNES,living room series
HEMNES,mirror chest
HEMNES,nightstand
HEMNES,shoe cabinet with 4 comparment
HEMNES,side table
HEMNES,sofa table
HEMSJÖ,block candle
HENNY,collection
HENRIKSDAL,bar stool with backrest
HENRIKSDAL,chair
HENSVIK,children's room series
HERMAN,chair
HERRÄNG,block candle holder
HESSUM,door mat
HESSUM,rug, flatwoven
HIMMEL,bed canopy
HIPPEASTRUM,potted plant
HJUVIK,single lever kitchen faucet
HOJTA,place mat
HOL,side table
HOL,storage cube
HÖLLVIKEN,sink
HÖNEFOSS,mirror
HOPA,clothes-hanger
HOPEN,series
HOPEN,system
HOVÅS,chair cover
HOVÅS,footstool cover
HOVÅS,series
HOVÅS,sofa cover
HOVEN,rug, low pile
HOVET,mirror
HOVSKÄR,single lever kitchen faucet
HUGO,armchair
HUGO,armrest
HUGO,bar stool with backrest
HUGO,chair
HUGO,stool
HULDA VILSE,rug, low pile
HULINGEN,pedal bin
HULTET,dish
HULTÖ,easy chair
HURRIG,mug
HUSÅ,work lamp
HUSNES,mirror
HUSÖN,plant pot
HUSVIK,series
HUTTEN,9-bottle wine rack
HYLLIS,shelving unit
IDEAL,candle dish
IDEALISK,series
IDELIG,mixing bowl
IDGRUND,3-piece bathroom set
IKEA 365+, 18-piece dinnerware set
IKEA 365+,, 20-piece cutlery set
IKEA 365+ DRÖM, egg cup
IKEA 365+ DRÖM, mug
IKEA 365+ DRÖM, side plate
IKEA 365+ GNISTRA, chef's knife
IKEA 365+ LUNTA, pendant lamp
IKEA 365+ SÄNDA, 3 way connector
IKEA 365+ SÄNDA, 4 way connector
IKEA 365+ SÄNDA, track with 2 spotlights
IKEA 365+ SÄNDA, track with 3 spotlights
IKEA 365+ SÄNDA/IKEA 365+ BRASA, pendant lamp with track
IKEA 365+ SÄNDA/SKIMRA, pendant lamp with track
IKEA 365+, bed series
IKEA 365+, bowl
IKEA 365+, can opener
IKEA 365+, coffee cup and saucer
IKEA 365+, cookware series
IKEA 365+, dinnerware series
IKEA 365+, espresso cup and saucer
IKEA 365+, food storage series
IKEA 365+, garlic press
IKEA 365+, glassware
IKEA 365+, knife series
IKEA 365+, lighting
IKEA 365+, mug
IKEA 365+, plate
IKEA 365+, potato peeler
IKEA 365+, serving series
IKEA 365+, sugar bowl, creamer, tray, tongs
IKEA 365+, teacup and saucer
IKEA 365+, teaspoon
IKEA PS BATIK,textiles
IKEA PS BINTJE,storage crate
IKEA PS BJUDA,carafe
IKEA PS BRUNN,vase
IKEA PS FÅNGST,hanging storage/6 compartments
IKEA PS FEJÖ,self-watering plant pot
IKEA PS GULLHOLMEN,rocking chair
IKEA PS HÅVET,mattress
IKEA PS JONSBERG,vase
IKEA PS KARLJOHAN,side table
IKEA PS KROG,plate, mug and bowl
IKEA PS LÖMSK,swivel chair
IKEA PS LÖVÅS,mattress
IKEA PS MURBO,mattress
IKEA PS PLANK,room divider
IKEA PS SPRAKA,spice mill
IKEA PS STAM,mirror
IKEA PS STICKA,bedspread/blanket
IKEA PS STOCK,vase
IKEA PS STOFF,throw
IKEA PS STUGA,rug, flatwoven
IKEA PS SVINGA,hanging seat
IKEA PS TOTT,textiles
IKEA PS VÅLLÖ,watering can
IKEA PS VIRKA,textiles
IKEA PS,cabinet
IKEA PS,cabinet on casters
IKEA PS,clock
IKEA PS,collection
IKEA PS,laptop workstation
IKEA PS,organizer
IKEA PS,pendant lamp
IKEA PS,sofabed slipcover
IKEA PS,tealight holder
IKEA STOCKHOLM TRIANGEL,rug, low pile
IKEA STOCKHOLM TV,unit
IKEA STOCKHOLM,cabinet lighting
IKEA STOCKHOLM,collection
IKEA STOCKHOLM,footstool
IKEA STOCKHOLM,footstool cover
IKEA STOCKHOLM,sofa
IMPULS,pitcher with lid
INBYN,chest
INDIRA,bedspread
INDO GABBEH,rug, low pile
INFO,scale
INGEMAR,bar stool with backrest
INGO,dining table
INGOLF,bar stool with backrest
INGOLF,chair
INGOLF,chair pad
INGOLF,chair with armrests
INGOLF,chair with chair pad
INGOLF,junior chair
INGOLF,kitchen bench
INGOLF,stool
INNER,inner cushion
INREDA,cabinet lighting
INREDA,lighting strip
INSATS,measuring cups, set of 4
IRIS,series
IRJA,curtain rod set
IRMA,cushion
IRMA,throw
ISDANS,roller blind
ISKORN,2-piece salad server set
ISTAD,plastic bag
IVAR,chair
IVAR,shelving unit
IVAR,system
IVETOFTA,lantern
JÄLL,laundry bag with stand
JÄMKA,food saver
JÄMKA,jar with lid, set of 2
JÄMKA,series
JANNE,swivel chair
JANSJÖ,series
JANSJÖ,work lamp
JANUARI,cord set with diffuser
JANUARI,floor lamp base
JANUARI,table lamp base
JAREN,spring mattress
JÄTTEBRA,plant pot
JÄTTEFIN,plant pot
JAVNAKER,mattress set
JEFF,folding chair
JIGGA,handle
JOAKIM,swivel chair
JOHAN,desk with shelf unit
JÖKEL,floor uplight/reading lamp
JOKER,candle dish
JONAS,series
JONDAL,mirror
JONISK,floor/table lamp
JONSBO ÅSARP,table lamp
JONSBO ÅSARP,table lamp base
JONSBO BÄRBY,table lamp
JONSBO BÄRBY,table lamp base
JONSBO EGBY,table lamp
JONSBO GRYBY,table lamp
JONSBO GRYBY,table lamp base
JONSBO ILSBO,table lamp
JONSBO ORÖD,table lamp
JONSBO ORÖD,table lamp base
JONSBO,shade
JORUN FRÖ,duvet cover and pillowcase(s)
JORUN,collection
JUBLA,pillar candle
JUBLA,series
JULES,junior desk chair
JULES,swivel chair
JULES,visitor chair
JULIUS,bar stool
JUSTINA,chair pad
KAJSA BLAD,duvet cover and pillowcase(s)
KAJSA ROSOR,duvet cover and pillowcase(s)
KAJSA STEN,duvet cover and pillowcase(s)
KAJSA TRÄD,duvet cover and pillowcase(s)
KAJSA,collection
KAJSA,small storage series
KAJSASTINA,fabric
KALAS,18-piece cutlery set
KALAS,bowl
KALAS,plate
KALAS,tumbler
KALASET,espresso cup and saucer
KALLT,5-arm candelabra
KALLT,7-arm candelabra
KALLT,decoration lighting
KALLT,garland with lights, 8 stars
KALLT,hanging decoration
KALLT,hanging lights/drape 48 snowflakes
KALLT,light chain 16 snowflakes, outdoor
KALLT,light chain 24 spruce trees
KALLT,light chain 32 bulbs
KALLT,light chain 48 snowflakes, outdoor
KALLT,light chain with 10 stars
KALLT,light stick
KALLT,silhouette light
KALLT,table lamp
KALLT,wall decoration 40 bulbs
KAMFER,plant glide
KANELBULLAR,cinnamon bun, frozen
KANIST,vase
KAPA,plant pot
KÅRABODA,lantern for candle in a metal cup
KARBY,rug, flatwoven
KARDEMUMMA,bowl
KARDEMUMMA,plant pot
KARDEMUMMA,series
KARENS,vase
KARIT,bedspread and cushion cover
KARLSKRONA,chaise lounge
KARLSTAD,2 chaise lounges + sofa
KARLSTAD,2 chaise lounges and loveseat
KARLSTAD,cover-sofabed
KARLSTAD,cushion
KARLSTAD,leg
KARLSTAD,series
KARLSTAD,series leather
KARSTEN,swivel chair
KASSETT,series
KASSETT,storage rack for writing materials
KASSETT,wastepaper basket
KATTRUP,rug, flatwoven
KATTUDDEN,toiletry bag set of 2
KAUSTBY,chair
KAUSTBY,chair pad
KAVALKAD,frying pan
KAVALKAD,series
KETTY RAND,cushion
KETTY VÄRLD,cushion
KETTY,pot holder
KEX BALLERINA,cookies with chocolate
KEX SINGOALLA,cookies with raspberry jam
KIBÄK,rug, flatwoven
KILBY,bookcase
KIVIK,chaise cover
KIVIK,cover one-seat section
KIVIK,loveseat cover
KIVIK,series
KIVIK,sofa cover
KIVSTA,shade
KLACK,tray
KLADD PRICKAR,bib
KLADD RANDIG,bib
KLADD,baby bib
KLAPPAR,series
KLÄPPE,swivel chair
KLAPPSTA,chair
KLAVIATUR,wall uplight
KLAVSTA,shade
KLEMENS,pair of armrests
KLEMENS,swivel chair
KLINGSBO,coffee table
KLINGSBO,series
KLINGSBO,side table
KLINTHULT,chair
KLIPPAN,loveseat
KLIPPAN,series
KLIPPIG,handle
KLISTRIG,place mat
KLOBO,loveseat
KLUBBO,coffee table
KLUBBO,nesting tables, set of 2
KLUDD,noticeboard
KNÄCKEBRÖD LEKSANDS,rye crispbread, round
KNAPPA,pendant lamp
KNAPPA,series
KNASTER,decorative stones
KNATA,box with lid for paper
KNIPSA,basket
KNODD,bin with lid
KNOPPA,fitted sheet
KNOPPA,flat sheet
KNÖS,unknown
KNUBBIG,table lamp
KNUFF,magazine file, set of 2
KNUTSTORP,chaise lounge
KNYCK,napkin holder
KÖGE,door mat
KÖGE,rug, low pile
KOJA,tent
KOLDBY,cowhide
KOLJA,mirror
KOLON,floor protector
KOMISK,triple cushion cover
KOMPISAR,bumper pad
KOMPLEMENT,basket
KOMPLEMENT,multi-use hanger
KOMPLEMENT,storage with compartments
KONCIS,roasting pan
KONCIS,series
KONSMO,series
KONVALJ,bedspread/blanket
KOPPANG,3 drawer chest
KOPPLA,6 outlet power bar with switch
KORALL ANEMON,tent
KORPO,chair with armrests
KORREKT,handle
KORSFJORD,5-piece bathroom set
KORT,art card
KOSING,handle
KOSING,knob
KOTTEBO,basket
KRABB,mirror
KRAFTIG,chopping board
KRAMA,washcloth
KRÄMARE,track light with 3 spotlights
KRÄMARE,triple ceiling spotlight
KRÄMARE,wall spotlight
KRAMFORS,series leather
KRISTALLER,chandelier, 3-armed
KRITTER ,eries
KROBY,series
KROKEN,rail
KROKEN,series
KROKVIK,chair hanger
KRUS,jar with lid
KRYP,ceiling spotlight with 3 lights
KRYSSBO,series
KULLA,series
KULLA,table lamp
KULLEN,3 drawer chest
KULLEN,chest with 2 drawers
KULLEN,chest with 5 drawers
KURA,bed tent
KURA,reversible bed
KUSINER,series
KUVERT,place mat
KVART,series
KVARTA,alarm clock
KVARTA,wall clock
KVARTAL,ceiling fixture
KVARTAL,corner fixture for triple track
KVARTAL,corner piece, single track
KVARTAL,draw rod
KVARTAL,glide
KVARTAL,single track rail
KVARTAL,top and bottom rail
KVARTAL,triple curtain rail
KVARTAL,wall hardware
KVIBY,4-drawer dresser
KVINTETT,wall uplight
KVISSEL,door mat
KVOT,dish drainer
LACK,series
LACK,wall shelf unit
LÄCKÖ,series
LADDA,battery charger and 6 batteries
LADDA,rechargeable battery
LAGAN,countertop
LAGAN,microwave oven with extractor fan
LAGAN,range with ceramic cooktop
LAGAN,single lever kitchen faucet
LAGAN,single-bowl inset sink
LÅGIS,mouse pad
LAGRA,floor/reading lamp
LAGRA,spotlight
LAGRA,work lamp
LAIVA TV,unit
LAIVA,bookcase
LAIVA,bridging shelf
LAIVA,desk
LÄKT,floor, click-lock function
LÄKT,molding
LÄKT,multi-function profile
LAMPAN,table lamp
LÄMPLIG,chopping board
LÄMPLIG,trivet
LANDET,6-piece vehicle set
LANDET,8-piece assorted animal set
LANDET,farmhouse with animals,13 piece set
LÅNGASJÖ,frame
LANNI,chair
LANSA,handle
LÄRD,20-piece cutlery set
LÅSBY,rug, flatwoven
LÄTT,children's table and 2 chairs
LÄTTSAM,baby bath
LÄTTSAM,changing table baskets set of 3
LÄTTSAM,children's potty
LAVER,chair
LEDET,floor lamp
LEDET,table lamp
LEDING,track light with 3 spotlights
LEDING,track light with 5 spotlights
LEENDE,carafe
LEGITIM,chopping board
LEGITIM,chopping board, set of 2
LEGYM,2-piece salad server set
LEIRVIK,bed frame
LEKA ,eries
LEKFULL LAND,rug
LEKFULL STAD,rug
LEKMAN,box
LEKPLATS,play mat
LEKSVIK,buffet
LEKSVIK,cabinet
LEKSVIK,children's room series
LEKSVIK,desk
LEKSVIK,dining series
LEKSVIK,hook
LEKSVIK,rack with 5 hooks
LEN STJÄRNA,crib comforter
LEN,crib comforter
LEN,crib fitted sheet
LEN,crib pillow
LEN,crib pillowcase
LEN,fitted sheet
LEN,flat sheet
LEN,mattress protector
LENA,fabric
LENDA,fabric
LENDA,pair of curtains with tie-backs
LERAN,pendant lamp
LERBERG CD/DVD,wall shelf
LERBERG,series
LERBERG,shelf unit
LERDAL,chandelier
LERSTA,reading/floor lamp
LEVANGER,mirror
LIALOTTA,plastic-coated fabric
LIATORP,coffee table
LIATORP,series
LIATORP,sofa table
LIDAN,basket
LIDAN,basket, set of 2
LIDAN,basket, set of 4
LIDAN,door-mounted storage
LIDAN,toiletry bag set of 2
LILL,pair of curtains
LILLABO,series
LILLÅNGEN,chest of drawers with 3 drawers
LILLÅNGEN,end unit
LILLÅNGEN,glass shelf
LILLÅNGEN,high cabinet
LILLÅNGEN,mirror cabinet with 1 door
LILLÅNGEN,mirror cabinet with 2 doors
LILLÅNGEN,series
LILLÅNGEN,shelf
LILLESAND,bed frame
LILLHOLMEN,ceiling/wall lamp
LILLHOLMEN,mirror
LILLHOLMEN,series
LILLHOLMEN,wall lamp
LIMMAREN,4-piece bathroom set
LIMMAREN,bottle
LINDMON ,enetian blind
LINDSDAL,handle
LINDSDAL,knob
LINDVED,side table
LINGO,series
LINNARP,series
LINUS,chair
LISELOTT,roller blind
LIVFULL,plant pot
LJUSÅS SALBO,table lamp
LJUSÅS USTA,table lamp
LJUSÅS UVÅS,table lamp
LJUSÅS YSBY,table lamp
LJUSDAL,wall shelf
LJUSNAN,box with lid, set of 3
LÖBBO,shade
LOCK,ceiling lamp
LÖDDER,series
LOGGA,series
LÖJA,20-piece cutlery set
LÖNSBODA,scented candle in glass
LOSSNEN,replacement brush
LOTS,mirror
LÖVA,bed canopy
LOVIKEN,dual control kitchen faucet
LUDDE,sheepskin
LUDVIG,laptop shelf/charging station
LUDVIG,laptop workstation
LUDVIG,router/modem wall cabinet
LUFTIG HOO ,50 S exhaust hood
LUFTIG HOO ,50 S exhaust hood
LUFTIG HOO ,50 S exhaust hood
LUFTIG,exhaust fan
LUGN,bowl
LUGN,plate
LUMMIG,curtain rod set
LUMMIG/LINDMON,window solution
LUNS,writing/magnetic board
LUPIN ,enetian blind
LUSTIFIK,hat/shoe rack
LUSY KLOSS,duvet cover and pillowcase(s)
LUSY VÄV,duvet cover and pillowcase(s)
LUSY,bedspread/blanket
LUSY,collection
LYCKA,series
LYCKHEM,dining table
LYCKHEM,occasional table
LYCKSELE HÅVET,mattress
LYCKSELE LÖVÅS,mattress
LYCKSELE MURBO,mattress
LYCKSELE,series
LYDUM,rug, flatwoven
LYFT,20-piece cutlery set
LYKTA,table lamp
LYSTER,candle dish
MACKIS,storage rack for writing materials
MAGASIN,chopping board, set of 2
MAGASIN,cutlery caddy
MAGASIN,dish drainer
MAGASIN,rolling pin
MAGGAN,place mat
MAGGAN,table-runner
MAGNESIUM,spotlight
MAGNESIUM,spotlight system
MAJBY,chair with armrests
MAJKEN,fabric
MAJVOR,chair pad
MÅLA,series
MÄLARÖ,series
MÄLLA,box
MALM,3-piece headboard/bed shelf set
MALM,4-drawer chest
MALM ,outh
MALM,series
MALMA,mirror
MALOU,duvet cover and pillowsham(s)
MALTE,bar stool
MAMMUT,series
MANDAL,series
MANDEL,series
MÅNLJUS,pendant lamp
MÅNLJUS,table lamp
MÅNSTAD,corner sofa-bed w storage, left
MÅNSTAD,corner sofa-bed w storage, right
MAREN,toilet seat
MARGINAL,wall shelf with retaining edge
MARIEBERG,chair cushion
MÄRIT,place mat
MÄRIT,table-runner
MARIUS,stool
MARKLAND,floor
MARKUS,swivel chair
MARTIN,chair
MÅSNAN,toiletries bag
MATA,4-piece dinnerware set
MATILDA,pair of curtains
MATTEUS,desk
MÅTTLIG,milk-frothing jug
MAVAS,entertainment center
MEDALJ,pot with lid
MEDALJ,series
MELBU,bed frame
MELDAL,day-bed frame
MELLTORP,dining table
MELLTORP,occasional table
MELODI,pendant lamp
MERETE,pair of curtains
METALL DUTT,picture holders
METALL EPOK,frame for 2 pictures
METRIK,handle
MICKE,series
MIEN,storage box
MIL,floor lamp
MIL,work lamp
MINDE,mirror
MINNA,fabric
MINNEN,series
MIXA,3-piece kitchen utensil set
MIXTUR,oven/serving dish
MIXTUR,series
MJÄLLBY,scented candle in pot
MJÄLLBY,scented candle in pot with lid
MJÖD,series
MJÖNÄS,lantern with block candle
MJÖNÄS,tealight holder
MOLGER,mirror
MOLGER,series
MOLNIG,chandelier
MONALIS,fabric
MONGSTAD,mirror
MÖRKT,lantern for candle in a metal cup
MÖRKT,lantern for tealight
MÖRRUM,bed frame with drawers
MOSES,swivel chair
MOSJÖ TV,unit
MOTORP,series
MOTTO,bowl
MUDDUS,drop-leaf table
MULA,24 building blocks with wagon
MULA,abacus
MULA,bead roller coaster
MULA,crane with blocks
MULA,shape sorter
MULA,stack &nest cups
MULA,stacking rings
MULA,toy hammering block
MULIG,clothes bar
MULIG,clothes rack
MUSIK,wall lamp
MUSSLA,2-piece knife set
MYDAL,bunk bed frame
MYKEN,table mirror
MYSA GRÄS,comforter, warmth rate 1
MYSA LJUNG,comforter, warmth rate 3
MYSA RÖNN,comforter, warmth rate 1+3
MYSA RÖNN,comforter, warmth rate 2
MYSA RÖNN,comforter, warmth rate 4
MYSA RÖNN,comforter, warmth rate 6
MYSA STRÅ,comforter, warmth rate 1
MYSA STRÅ,comforter, warmth rate 1+3
MYSA STRÅ,comforter, warmth rate 3
MYSA STRÅ,comforter, warmth rate 5
MYSA VETE,comforter, warmth rate 1
MYSA VETE,comforter, warmth rate 1+3
MYSA VETE,comforter, warmth rate 3
MYSA VETE,comforter, warmth rate 5
NÄCKTEN,bathmat
NÄCKTEN,hand towel
NÄCKTEN,shower curtain
NANDOR,chair
NÄRHET,series
NÄSBY,door mat
NÄSSJÖ,candle holder
NÄSSJÖ,candlestick
NÄSTVED,rug, low pile
NÄSUM,series
NÄTT,20-piece cutlery set
NEDDA,chair pad
NEGLINGE,candlestick/tealight holder
NEKTARIN,self-watering plant pot
NIDELVA,storage tin with lid, set of 3
NILS,armchair
NILS,chair
NILS,stool
NISSE,folding chair
NIVÅ,floor liner
NJUTA,bath brush
NJUTA,bathrobe
NJUTA,body puff
NJUTA,foot file
NJUTA,foot/nail brush set of 2
NJUTA,pajamas
NJUTA,slippers
NOGA,teething rail for crib
NOJS,alarm clock
NOMINELL,pair of armrests
NOMINELL,swivel chair
NON,bookcase/picture lighting
NON,countertop lighting, fluorescent
NON,countertop lighting, halogen
NON,spotlight with shade
NORBO,wall-mounted drop-leaf table
NORDANÖ,series
NORDDAL,bunk bed frame
NORDEN,dining table
NORDEN,series
NORDEN,sideboard
NORDMYRA,chair
NORESUND,mirror
NORESUND,nightstand
NORNA,chair pad
NORRESKOG,scented candle in glass
NORRNÄS,chair
NORRÖRA,2-piece bathroom dish set
NORRSKEN,low-voltage wire
NORRSKEN/DECENNIUM,spotlight
NORRSKEN/DYGN,spotlight
NORRSKEN/STRATOSFÄR,spotlight
NORRSTEN,collection
NORRTORP,wall shelf
NORVALD,chair
NORVALD,chair pad
NOSTALGISK,series
NOT,floor uplight
NOT,floor uplight/reading lamp
NUMERÄR,countertop
NUMERÄR,countertop, double-sided
NUMERÄR,sink bowl
NUTID HDN ,650 S exhaust hood
NUTID ,23 S refrigerator/freezer
NUTID ,23 W refrigerator/freezer
NUTID ,25 S refrigerator/freezer
NUTID,forced air oven
NUTID,oven
NUTID,series
NYFORS,floor lamp
NYFORS,floor/reading lamp
NYFORS,table lamp
NYFORS,work lamp
NYPONROS,duvet cover and pillowcase(s)
NYSNÖ,2-piece bar set
NYSNÖ,champagne flute
NYSNÖ,disposable cup
NYSNÖ,glass
NYSNÖ,ice bucket with tongs
NYSNÖ,mug
NYSNÖ,mug and saucer
NYSNÖ,napkin holder
NYSNÖ,paper napkin
NYSNÖ,paper plate
NYSNÖ,paper side plate
NYSNÖ,pitcher
NYSNÖ,place mat
NYSNÖ,serving bowl
NYSNÖ,serving plate
NYSNÖ,serving stand, two tiers
NYSNÖ,wine/champagne cooler
NYSTED,rug, flatwoven
NYTER,paper napkin
NYTTIG FIL,2 charcoal filter
NYTTIG FIL,3 charcoal filter
NYTTIG FIL,4 charcoal filter
NYTTIG FIL,5 charcoal filter
NYTTIG,power supply cable w/3-prong plug
NYTTIG,power supply cable w/4-prong plug
NYTTJA,frame
NYTTJA,series
OBSERVATÖR,unknown
ODDA,nightstand
ODDA,series
ODDA,wall cabinet with sliding door
ODDVAR,stool
ÖDMJUK,series
OFELIA VASS,duvet cover and pillowcase(s)
OFELIA,collection
OLLE,chair
OLUNDA,picture
OLUNDA,series
OMAR,1 shelf section
OMAR,1 shelf section/bottle racks
OMAR,2 shelf sections
OMAR,basket
OMAR,shelving unit
OMAR,system
OMAR,wine shelf
OMAR,wire basket
OMSORG,shoe tree, large, 1 pair
OMSORG,shoe tree, small, 1 pair
OMTYCKT,place mat
ÖPPEN,bowl
ÖPPEN,plate
OPTIMAL,series
ORCHIDACEAE,potted plant
ORDENTLIG,place mat
ORDNING,colander
ORDNING,cutlery caddy
ORDNING,dish drainer
ORDNING,kitchen utensil rack
ORDNING,scale
ORDNING,timer
ORE,shower curtain rod
ÖRESUND,toilet seat
ORGEL VRETEN,floor lamp
ORGEL,series
ORRLÖT,4-piece bathroom set
ÖSTERBYMO,frame
ÖSTERBYMO,frame for 2 pictures
OTTAVA,pendant lamp
OVANLIG,vase
OXEL,box spring cover
OXSKÄR,single lever kitchen faucet
PÅLITLIG,vase
PAPAJA,plant pot
PAPAVER OVAL,duvet cover and pillowcase(s)
PAPAVER VÅG,duvet cover and pillowcase(s)
PAPAVER,duvet cover and pillowcase(s)
PARAGRAF,caster for hard floors
PATRIK,swivel chair
PATRIK,visitor chair
PATRULL,3 pair of anti-slip socks
PATRULL FAST,safety gate
PATRULL SMIDIG,safety gate
PATRULL SMIDIG,safety gate extension
PATRULL,bathtub mat
PATRULL,corner bumper
PATRULL,drawer/cabinet catch
PATRULL,multilock
PATRULL,safety chain
PATRULL,tub mat
PAX,system
PELLO,chair
PEPPARKAKOR ANNAS,ginger thins in box
PEPPARKAKOR ANNAS,ginger thins with almonds
PEPPARKAKOR ANNAS,ginger thins with cappuccino flavor
PEPPARKAKOR ANNAS,ginger thins with orange-flavor
PEPPARKAKOR ANNAS,wholemeal ginger thins
PERISKOP,hook
PERISKOP,towel rail
PERSIKA,vase
PERSISK GABBEH,rug, low pile
PERSISK HAMADAN,rug, low pile
PERSISK KELIM GASHGAI,rug, flatwoven
PERSISK KELIM,rug, flatwoven
PERSISK,rug, low pile
PHALAENOPSIS,potted plant
PILATORP,basket, set of 4
PIRO,wall clock
PJÄS,basket
PJÄS,basket with base
PJÄS,decorative vase
PJÄS,dish
PJÄTTERYD,picture
PJÄTTERYD,series
PLAN,molding
PLAN,multi-function profile
PLAN,quarter round
PLAN,wall clip for skirting board
PLASTIS,dishwashing brush
PLASTIS,ice cube tray
PLASTIS,rubber gloves
PLATTA,decking
PLIKTIG,paper napkin
PLUGGIS,magazine file, set of 2
PLUGGIS,wastepaper basket
POÄNG,chair
POÄNG,children's armchair
POÄNG,footstool
POÄNG,series
POKAL,series
POKAL,tumbler
POLARVIDE,throw
POMP,lantern for block candle
PORTIS,series
POTATISMOS,mashed potatoes, frozen
POVEL,caster for soft floors
PRÄGEL,countertop
PRAKTFULL PRO ,51 S gas range
PRAKTFULL PRO ,50 S exhaust hood
PRAKTFULL,gas range with wall panel/extr hood
PRÄKTIG,curtain rod set
PRÄNT,box
PRÄNT,box with lid
PRÄNT,magazine box with lid
PREMIÄR,series
PRESSA,clothes pin
PRESSA,hanging dryer with 16 clothes clips
PRESSA,ironing board cover
PRESTERA,fish/poultry shears
PRICKIG,microwave lid
PRODUKT,milk-frother
PRÖJS,desk pad
PROMPT,roasting pan with grill rack
PROPER,series
PRUTA,food saver, set of 17
PUGG,wall clock
PULT,ceiling lamp
PUNKT,caster for soft floors
PUNKTLIG,paper napkin
PYRA,wok
PYSSLA,bead shape set of 4
PYSSLA,beads
RÅÅN,4-piece bathroom set
RÅÅN,mirror
RÅÅN,series
RÅÅN,soap dish
RÅÅN,soap dispenser
RABALDER,cable reel
RÅDIG,espresso maker 3 cup
RADIUM,spotlight system
RAGNA,fabric
RAJTAN,spice jar
RAKET,table easel
RAM,frame
RAM,mirror
RAMSKÄR,bathmat
RAMVIK,coffee table
RAMVIK,side table with drawer
RÄNTA,countertop lighting, halogen
RARITET,cheese dome
RARITET,food saver
RARITET,sereis
RAST,3 drawer chest
RAST,nightstand
RATIONELL,series
RÄTTVIK,series
RAVENEA,potted plant
REBBENES,leg frame
REDA,food saver, set of 5
REDALEN,bed frame
REGOLIT,pendant lamp shade
REGOLIT,series
REKO,glass
REKTANGEL,series
REKTANGEL,vase
RENATE FLORA,pair of curtains
RENATE,collection
RENATE,shade
RENLIG,dishwasher
RENLIG,dishwasher with tall tub
RENLIG,integrated dishwasher
RENS,sheepskin
RESURS,carving board
RETRÄTT,knife block
RETUR,recycling bin
RIBBA,frame
RIBBA,frame for 2 pictures
RIBBA,series
RICKARD,swivel chair
RIGEL,hook
RIGGA,clothes rack
RIKLIG,teapot
RIKTIG ÖGLA,curtain ring
RIKTIG,curtain ring
RIKTIG,gathering tape
RIKTIG,hook, glider and clip
RIKTIG,tie-back
RILL,caster
RILL,locking caster
RINGSKÄR,detergent dispenser
RINGSKÄR,single lever kitchen faucet
RINGUM,rug, low pile
RISÖR,room divider
RISTEN,box with lid, set of 3
RISTEN,box, set of 4
RITVA,series
RIVAL,chopsticks 6 pairs
ROFYLLD,childrens rocking-chair
ROGER,chair
RÖJA,label holder
ROMANTISK,tray
RÖNÅS,block candle holder
RÖNÅS,candlestick
RÖNÅS,series
RÖNÅS,tealight holder
RONDO,18-piece dinnerware set
RÖNNBÄR,plant pot
RÖNNBÄR,saucer
RÖNNSKÄR,series
RÖRA,mortar and pestel
ROSTAD LÖK,roasted onion
ROTERA,lantern for tealight
RUDOLF,swivel chair
RUFSIG,wok utensils, set of 2
RUGGA,picture hook
RULL,knob
RUNDEL,laundry bin
RUNDEL,wastepaper basket
RUSCH,wall clock
RUSIG,decorative stickers
RUSIG,rocker
RUSTIK,20-piece cutlery set
RUTBO,series
RUTER,ironing board
RUTGER/JULES,swivel chair with casters
RYKENE,bed frame
RYKENE,nightstand
SAGOSTEN,removable cover
SALMI,dining table
SALONG,vase
SALTGRUND,shower curtain
SALTSKÄR,mirror cabinet
SALTSKÄR,wall cabinet
SAMLA,series
SAMTID,floor/reading lamp
SAMTID,table lamp
SANELA,cushion cover
SANELA,pair of curtains
SANSAD,children's stool
SANSAD,children's table
SARALISA,fabric
SARITA,fabric
SARITA,pair of curtains
SÄTER,2.5-seat sofa
SÄVERN,mirror
SÄVERN,series
SÄVERN,towel hanger/shelf
SÄVERN,wall shelf unit
SAXNÄS,frame
SCHLUMBERGERA,potted plant
SEBASTIAN,bar stool
SEDLIG,20-piece cutlery set
SEDLIG,coffee spoon
SEDLIG,salad/dessert fork
SEDLIG,spoon
SEDLIG,teaspoon
SEKIN,serving bowl
SEMVIK,4-piece bathroom set
SEMVIK,tumbler
SENIOR,oven/serving dish
SENIOR,series
SIGNE,rug, flatwoven
SIGNUM,series
SIGRID,dish towel
SIGRID,pot holder
SIGRID,series
SINDAL,door mat
SIRLIG,chandelier for 10 candles
SJÖVIK,buffet
SJÖVIK,dining table
SKALA,tray
SKÅLIG,serving plate
SKÄNKA,frying pan
SKÄNKA,pot with lid
SKÄNKA,series
SKÄR,series
SKIMMER,block candle holder
SKIMMER,candlestick
SKIMRA,shade
SKIR,series
SKOJ,wall clock
SKOJIG ,ighting Series
SKOJIG,wall lamp
SKOJIG,work lamp
SKORPOR FULLKORN,wholemeal crisprolls
SKORPOR KARDEMUMMA,cardamom crisp rolls
SKRAPA,rubber spatula
SKRIBENT,book-end
SKRUVSTA,swivel chair
SKUBB,box
SKUBB,box with compartments
SKUBB,clothes cover, set of 3
SKUBB,hanging clothes bag
SKUBB,organizer with 5 compartments
SKUBB,organizer with 9 compartments
SKUBB,series
SKUBB,shoe box
SKUBB,storage box, set of 6
SKUBB,storage case
SKUGGIG,curtain rod set
SKUGGIG/ENJE,window solution
SKUTTA,coaster
SKUTTA,place mat
SKYDD,wood treatment oil, indoor use
SKYDDA,series
SLABANG,alarm clock
SLÄTTEN,floor, click-lock function
SLÄTTHULT,series
SLIPAD,3-piece knife set
SLIPAD,knife block with 5 knives
SLITBAR,chef's knife
SLITBAR,series
SLOM,bottle with stopper
SLOM,series
SLUGGER,caster
SLUGIS,box
SLUGIS,lid
SLUKA,vacuum flask
SLUMRA,flat sheet
SMÅDAL TV,unit
SMÅDAL,bookcase
SMÅDAL,bookcase with drawer
SMÅDAL,coffee table
SMÅDAL,desk
SMÅDAL,glass door
SMAKA,cheese slicer
SMÄRT,table lamp
SMARTA NYTTA,serving bowl
SMARTA NYTTA,serving plate
SMARTA,oven/serving dish
SMARTA,pie dish
SMARTA,series
SMARTA,serving bowl
SMARTA,serving plate
SMASKA,3-piece cutlery set
SMASKA,6-piece feeding/baby spoon set
SMASKA,bowl
SMASKA,eating series
SMASKA,plate
SMASKA,training cup
SMEDSTA,swivel armchair cover
SMEDSTA,swivel chair
SMIDD,handle
SMILA BAGGE,wall lamp
SMILA BLOMMA,wall lamp
SMILA MÅNE,wall lamp
SMILA SOL,ceiling lamp
SMILA STJÄRNA,wall lamp
SMYCKA,artificial flower
SMYCKA,artificial garland
SMYCKA,artificial wreath
SMYCKA,series
SNÅLIS,box
SNÅLIS,lid
SNÅR,place mat
SNÄRTIG,artificial flower
SNÄRTIG,vase
SNIGLAR,series
SNILLE,swivel chair
SNILLE,visitor chair
SNITSIG,pot with lid
SNITSIG,series
SNITTA,knife
SNÖA ,hristmas stocking
SNÖA FLINGA,fabric
SNÖA FLINGA,place mat
SNÖA HIMMELSK,cushion
SNÖA HIMMELSK,fabric
SNÖA MEDALJONG,tablecloth
SNÖA RUTAN,bag
SNÖA RUTAN,bath towel
SNÖA RUTAN,bedspread
SNÖA RUTAN,cushion
SNÖA RUTAN,duvet cover and pillowcase(s)
SNÖA RUTAN,fabric
SNÖA STJÄRNA,apron
SNÖA STJÄRNA,carry bag
SNÖA STJÄRNA,children's apron
SNÖA STJÄRNA,dish towel
SNÖA STJÄRNA,duvet cover and pillowcase(s)
SNÖA STJÄRNA,fabric
SNÖA STJÄRNA,oven mitt
SNÖA STJÄRNA,pot holder
SNÖA STJÄRNA,rug, low pile
SNÖA STJÄRNA,sleeping bag/comforter
SNÖA,bag
SNÖA,cushion
SNÖA,napkin
SNÖA,shower curtain
SNÖA,tablecloth
SNÖA,throw
SNODD,knob
SNÖIG,floor lamp
SNÖIG,pendant lamp
SNÖIG,wall lamp
SNÖIG,work lamp
SNÖRIK,pastry cutter, set of 6
SNÖRIK,tin, set of 3
SNÖVITA,24-piece gift wrap and label set
SNÖVITA,block candle
SNÖVITA,candle in glass
SNÖVITA,card with envelope
SNÖVITA,decorative bow, set of 16
SNÖVITA,double-sided gift wrap
SNÖVITA,gift bag
SNÖVITA,gift bag, set of 3
SNÖVITA,gift bag, set of 9
SNÖVITA,gift box, set of 3
SNÖVITA,gift card
SNÖVITA,gift wrap, roll
SNÖVITA,lantern for block candle
SNÖVITA,lantern for candle in a metal cup
SNÖVITA,plant pot
SNÖVITA,ribbon
SNÖVITA,ribbon, set of 4
SNÖVITA,scented candle in glass
SNÖVITA,tealight holder
SNUDDA,lazy Susan
SOCKER,series
SOCKERÄRT,vase
SODA,drinking straw
SOFIA,fabric
SOLMYRA,picture
SOLSTA OLARP,chair
SOLSTA PÄLLBO,footstool
SOLSTA,sofa bed
SOLSTRÅLE,vase
SOLVAR,chair
SOLVEIG,panel curtain
SOMNAT,crib
SOMRIG,vase
SÖNDRUM,series
SONGE,mirror
SORGLÖS,vase
SÖRLI,mirror
SORTERA,recycling bin with lid
SORTI,place mat
SÖRUM,nightstand
SPALT,napkin ring/place card stand
SPÄNN,handle
SPARKA,soft toy
SPÄRRA,plastic sheeting
SPARSAM,compact twin tube
SPARSAM,fluorescent tube T5
SPARSAM,low-energy bulb
SPATHIPHYLLUM,potted plant
SPEJA,tunnel
SPÖKA,night light
SPOLING ,eries
SPONTAN,container for metal board, set of 2
SPONTAN,magnetic board
SPONTAN,series
SPRALLIG,knob/hook rack
SPRITTA,series
STABIL,lid
STABIL,pasta insert
STABIL,series
STACKIG,tray
STÄLL,series
STÄM,series
STAPEL,basket
STARTBOX PLUS,60-piece dinnerware set
STAVE,mirror
STEFAN,chair
STEK,knife
STEKA,frying pan
STENSTORP,kitchen cart
STENSTORP,kitchen island
STENSTORP,wall shelf
STIL,series
STJÄLK,vase
STOLMEN,system
STOPP FILT,rug underlay with anti-slip
STOPP,anti-slip underlay
STORÅ,loft bed frame
STORNÄS,buffet
STORNÄS,dining table
STRÅLANDE,chopper
STRÅLANDE,grater with container
STRÅLANDE,grater with handle
STRÅLANDE,rotary grater
STRÄNGNÄS,series
STRÄNGSMÅLA,frame
STRANNE,floor lamp
STRANNE,table lamp
STRECKET,handle
STRIB,rug, low pile
STRIKT,series
STRIND,coffee table
STRÖSSEL,ice-cream scoop
STUVA,system
STYCKE,shade
SUCCULENT,potted plant
SULTAN ALSARP,foundation with storage
SULTAN ÅRAM,foundation
SULTAN ATNA,box spring
SULTAN ELSFJORD,latex mattress
SULTAN ENGENES,latex mattress
SULTAN ERFJORD,natural latex mattress
SULTAN FÅVANG,high-resilience foam mattress
SULTAN FIDJETUN,memory foam mattress
SULTAN FINNVIK,memory foam mattress
SULTAN FJORDGARD,latex and foam mattress
SULTAN FLOKENES,memory foam mattress
SULTAN FLORVÅG,foam mattress
SULTAN FONNES,foam mattress
SULTAN FOSSING,latex and foam mattress
SULTAN HAGAVIK,active-response coil mattress
SULTAN HAMNVIK,active-response coil mattress
SULTAN HANESTAD,active-response coil mattress
SULTAN HARESTUA,spring mattress
SULTAN HJARTDAL,memory foam pillowtop mattress
SULTAN HJELMÅS,latex pillowtop spring mattress
SULTAN HUGLO,spring mattress
SULTAN LADE,slatted bed base
SULTAN LANGHUS,slatted bed base, adjustable
SULTAN LAUKVIK,slatted bed base, adjustable
SULTAN LAXEBY,slatted bed base
SULTAN LERBÄCK,slatted bed base, adjustable
SULTAN LONEVÅG,slatted bed base, adjustable
SULTAN LURÖY,slatted bed base
SULTAN TAFJORD,pillowtop
SULTAN TÅRSTA,pillowtop
SULTAN TJÖME,pillowtop
SULTAN TOLG,pillowtop
SULTAN TVEIT,pillowtop
SULTAN,connection fitting for spring bases
SULTAN,leg
SULTAN,support leg
SUMMERA,series
SUNNAN,work lamp, solar powered
SUPERFIN,tealight holder
SUVERÄN,mattress cover
SVAJS,clothes cover, set of 3
SVALA,children's table
SVALBO,dining table
SVALBO,sideboard
SVALKA,series
SVEJE,rug, flatwoven
SVEP,handle
SVEP,knob
SVIND TV,unit
SVIT,20-piece cutlery set
SY,7-piece start box
SY,iron-on hemming tape
SY,pinking shears
SY,scissors
SY,sewing thread
SYNTES KONST,bowl, set of 2
TACKSAM,curtain rod set
TAG,handle
TAJMA,wall clock
TAJT,vase
TÄLJARE,curtain rod set
TALLVIK,table lamp
TÄNDA,timer, 24 hours
TANJA BRODYR,duvet cover and pillowsham(s)
TÄRNAN,single lever kitchen faucet
TÅRNBY,rug, flatwoven
TÅRTA MANDEL,almond cake, frozen
TASSA NATT,wall lamp
TEKLA,dish towel
TERJE,folding chair
TERMOSFÄR,low-voltage wire system 5 spots
TERTIAL,work lamp
TEXTUR,floor lamp
TEXTUR,floor/table lamp
TEXTUR,table lamp
THISTED,hand towel
TIDIG,ceiling spotlight with 5 spots
TINDRA,seies
TIRUP,swivel chair
TITTA DJUR,finger puppet
TITTA FOLK,finger puppet
TJUSIG,series
TOBIAS,chair
TOBO TV,panel
TOBO TV,panel with media storage
TOBO TV,unit
TOFTBO,bathmat
TOGA,place mat
TOKIG,salad spinner
TOLGA,organizer
TOLGA,series
TOLSBY,frame for 2 pictures
TORBJÖRN,swivel chair
TORKA,decoration ball, set of 8
TORKA,decorative stalk
TORKA,dried bouquet
TORSBY,collection
TORSBY,table
TOSTARP,series
TRÅDIG,bowl
TRÅDIG,candlestick
TRÅL,series
TRAMPA,door mat
TRANBY,mirror
TRATT,candle snuffer
TRENSUM,mirror
TRILLING,poster, set of 3
TRIPP,storage tin with lid, set of 3
TRIVSAM,coffee cup and saucer
TRIVSAM,espresso cup and saucer
TRIVSAM,series
TRIVSAM,serving bowl
TRIVSAM,serving plate
TROFAST,ext bed frame with slatted bed base
TROFAST,toy storage series
TROJKA,scissors
TROJKA,scissors, set of 3
TROLIG,curtain rod set
TROLLFJORDEN,toiletries bag
TROLLSTA,series
TROMSNES,day-bed frame
TROMSÖ,series
TRONDHEIM,series
TRONES,shoe storage
TROPISK,potted plant
TROSS,track light with 3 spotlights
TRYGG,serving bowl
TRYTA,bench
TULLSTA,chair
TULSEBODA,candle holder
TULSEBODA,candlestick
TULSEBODA,tealight holder
TUNDRA,floor, click-lock function
TUNDRA,molding
TUNDRA,multi-function profile
TUPPLUR,pair of curtains
TUPPLUR,roller blind
TVÅBLAD CIRKEL,duvet cover and pillowcase(s)
TVÅBLAD RUND,duvet cover and pillowcase(s)
TVÅBLAD,duvet cover and pillowcase(s)
TVILLING,poster, set of 2
TYDA,handle
TYGLÖSA,frame
TYLÖSAND,corner sofa/sofa-bed
TYLÖSAND,footstool
TYLÖSAND,one-seat section
TYLÖSAND,series
TYLÖSAND,sofa bed slipcover
TYSNES,table mirror
TYST,coaster
TYST,place mat
ULDUM,rug, low pile
ULLAKAJSA,roller blind
ULSBERG,mirror
ULSBERG,nightstand
UNG DRILL,frame
UNNI,rug, flatwoven
UNNI,rug, low pile
UPPENBAR,measuring cup
UPPLEVA ORMO,wall bracket for flat screen TV
UPPTÄCKA,backpack on wheels
UPPTÄCKA,bag, foldable
UPPTÄCKA,briefcase
UPPTÄCKA,carry-on with wheels and briefcase
UPPTÄCKA,laptop bag
UPPTÄCKA,shopping bag with wheels
UPPTÄCKA,toiletries bag
UPPTÄCKA,umbrella
UPPTÄCKA,weekend bag with toilet bag
URBAN,bar stool
URBAN,chair
UTBY,bar table
UTBY,kitchen island
UTBY,series
UTBY,underframe
UTMÄRKT,series
UTSIRA,mirror
VÅGEN,curtain rod set
VÅGEN,double wall hardware
VÅGEN/ENJE,window solution
VÄGGIS,noticeboard
VÄGHULT,series
VAKEN,glass
VALBY RUTA,rug, low pile
VALBY,rug, low pile
VALLVIK,3 drawer chest
VALLVIK,6-drawer dresser
VALLVIK TV,bench/coffee table
VALLVIK,bookcase
VÄNLIG,series
VÄNNA,unknown
VANVIK,bed frame
VÄRDE,base cabinet
VÄRDE,countertop
VÄRDE,double bowl sink
VÄRDE,glass-door wall cabinet
VÄRDE,high cabinet f built-in oven/micro
VÄRDE,series
VÄRDE,shelving unit
VÄRME,teapot
VARSAM,tray
VARSE,paper napkin
VASEN,vase
VÄTE,series
VEJEN,rug, flatwoven
VEJMON,coffee table
VEJMON,series
VEJMON,side table
VERKLIG,curtain rod set
VERKSAM,pair of armrests
VERKSAM,swivel chair
VESSLA,lid
VESSLA,storage crate with casters
VIKA AMON/VIKA CURRY,table
VIKA,table bar
VIKARE,guard rail
VIKIS,alarm clock
VILA,3-piece sheet set
VILA,pillow sham
VILDBÄR,spray bottle
VILDRIS,duvet cover and pillowcase(s)
VILMIE,collection
VILSHULT,picture
VILSHULT,series
VINDE,rug, low pile
VINNA,handle
VINSTRA,6-drawer dresser
VINSTRA,dressing table with mirror
VINSTRA,nightstand
VIPPA,hook
VIREN,series
VIRRE,slide with ladder and guard rail
VIRSERUM,series
VISEN,series
VISEN,toilet roll holder
VISEN,tumbler
VISEN,wire basket
VITAMIN,stool
VITAMINER,textiles
VITSKÄR,3-piece bathroom set
VITSKÄR,soap dish
VITSKÄR,toothbrush holder
VITTEN,rug, high pile
VIVAN,pair of curtains
VOLMAR,swivel chair
VOLYM,steel vacuum flask
VRETA,chair
VRETA,corner sofa w end unit left
VRETA,corner sofa with arm left
VRETA,corner sofa with arm right
VRETA,corner sofa with end unit right
VRETA,end unit/footstool
VRETA,footstool
VRETA,loveseat
VRETA,series
VRETA,sofa
VRETA,sofa bed
VRETA,swivel/reclining/armchair
VURM,4-bottle wine rack
VYSSA,series
WILMA,pair of curtains
YNGAREN,bottle, set of 3
YNGAREN,bowl
YNGAREN,jar with lid
YNGAREN,soap dispenser
YNGAREN,tumbler
YNGSJÖ,tealight holder
YSTER,handle
YUCCA ELEPHANTIPES,potted plant
ZITA RAND,apron
ZITA,oven mitt